"""20 Microns Limited""","""20MICRONS"""
"""3i Infotech Limited""","""3IINFOTECH"""
"""3M India Limited""","""3MINDIA"""
"""63 moons technologies limited""","""63MOONS"""
"""8K Miles Software Services Limited""","""8KMILES"""
"""A2Z Infra Engineering Limited""","""A2ZINFRA"""
"""Aarti Drugs Limited""","""AARTIDRUGS"""
"""Aarti Industries Limited""","""AARTIIND"""
"""Aarvee Denims & Exports Limited""","""AARVEEDEN"""
"""Aban Offshore Limited""","""ABAN"""
"""ABB India Limited""","""ABB"""
"""Abbott India Limited""","""ABBOTINDIA"""
"""Aditya Birla Fashion and Retail Limited""","""ABFRL"""
"""ABG Shipyard Limited""","""ABGSHIP"""
"""ABM International Limited""","""ABMINTLTD"""
"""ACC Limited""","""ACC"""
"""Accelya Kale Solutions Limited""","""ACCELYA"""
"""Action Construction Equipment Limited""","""ACE"""
"""Adani Enterprises Limited""","""ADANIENT"""
"""Adani Ports and Special Economic Zone Limited""","""ADANIPORTS"""
"""Adani Power Limited""","""ADANIPOWER"""
"""Adani Transmission Limited""","""ADANITRANS"""
"""ADF Foods Limited""","""ADFFOODS"""
"""Adhunik Metaliks Limited""","""ADHUNIK"""
"""Adhunik Industries Limited""","""ADHUNIKIND"""
"""Adlabs Entertainment Limited""","""ADLABS"""
"""Ador Welding Limited""","""ADORWELD"""
"""Allied Digital Services Limited""","""ADSL"""
"""Advani Hotels & Resorts (India) Limited""","""ADVANIHOTR"""
"""Advanced Enzyme Technologies Limited""","""ADVENZYMES"""
"""Aegis Logistics Limited""","""AEGISCHEM"""
"""Accel Frontline Limited""","""AFL"""
"""Agarwal Industrial Corporation Limited""","""AGARIND"""
"""AGC Networks Limited""","""AGCNET"""
"""Agri-Tech (India) Limited""","""AGRITECH"""
"""Asian Hotels (East) Limited""","""AHLEAST"""
"""Ahluwalia Contracts (India) Limited""","""AHLUCONT"""
"""Asian Hotels (West) Limited""","""AHLWEST"""
"""AIA Engineering Limited""","""AIAENG"""
"""AI Champdany Industries Limited""","""AICHAMP"""
"""Ashapura Intimates Fashion Limited""","""AIFL"""
"""Ajanta Pharma Limited""","""AJANTPHARM"""
"""Ajmera Realty & Infra India Limited""","""AJMERA"""
"""AksharChem India Limited""","""AKSHARCHEM"""
"""Aksh Optifibre Limited""","""AKSHOPTFBR"""
"""Akzo Nobel India Limited""","""AKZOINDIA"""
"""Alankit Limited""","""ALANKIT"""
"""Albert David Limited""","""ALBERTDAVD"""
"""Allahabad Bank""","""ALBK"""
"""Alchemist Limited""","""ALCHEM"""
"""Alembic Limited""","""ALEMBICLTD"""
"""Alicon Castalloy Limited""","""ALICON"""
"""Alkali Metals Limited""","""ALKALI"""
"""Alkem Laboratories Limited""","""ALKEM"""
"""Alkyl Amines Chemicals Limited""","""ALKYLAMINE"""
"""Allcargo Logistics Limited""","""ALLCARGO"""
"""Allsec Technologies Limited""","""ALLSEC"""
"""Almondz Global Securities Limited""","""ALMONDZ"""
"""Alok Industries Limited""","""ALOKTEXT"""
"""Alpa Laboratories Limited""","""ALPA"""
"""Alphageo (India) Limited""","""ALPHAGEO"""
"""Alps Industries Limited""","""ALPSINDUS"""
"""Amara Raja Batteries Limited""","""AMARAJABAT"""
"""Ambika Cotton Mills Limited""","""AMBIKCO"""
"""Ambuja Cements Limited""","""AMBUJACEM"""
"""AMD Industries Limited""","""AMDIND"""
"""Amrutanjan Health Care Limited""","""AMRUTANJAN"""
"""Amtek Auto Limited""","""AMTEKAUTO"""
"""The Anandam Rubber Company Limited""","""ANANDAMRUB"""
"""Anant Raj Limited""","""ANANTRAJ"""
"""Andhra Bank""","""ANDHRABANK"""
"""Andhra Cements Limited""","""ANDHRACEMT"""
"""The Andhra Sugars Limited""","""ANDHRSUGAR"""
"""ANG Industries Limited""","""ANGIND"""
"""Anik Industries Limited""","""ANIKINDS"""
"""Ankit Metal & Power Limited""","""ANKITMETAL"""
"""Ansal Properties & Infrastructure Limited""","""ANSALAPI"""
"""Ansal Housing and Construction Limited""","""ANSALHSG"""
"""Antarctica Limited""","""ANTGRAPHIC"""
"""Apar Industries Limited""","""APARINDS"""
"""Anjani Portland Cement Limited""","""APCL"""
"""Apcotex Industries Limited""","""APCOTEXIND"""
"""APL Apollo Tubes Limited""","""APLAPOLLO"""
"""Alembic Pharmaceuticals Limited""","""APLLTD"""
"""Apollo Hospitals Enterprise Limited""","""APOLLOHOSP"""
"""Apollo Tyres Limited""","""APOLLOTYRE"""
"""Apollo Sindoori Hotels Limited""","""APOLSINHOT"""
"""Aptech Limited""","""APTECHT"""
"""Archidply Industries Limited""","""ARCHIDPLY"""
"""Archies Limited""","""ARCHIES"""
"""Arcotech Limited""","""ARCOTECH"""
"""Aries Agro Limited""","""ARIES"""
"""Arihant Foundations & Housing Limited""","""ARIHANT"""
"""Arihant Superstructures Limited""","""ARIHANTSUP"""
"""Arman Financial Services Limited""","""ARMANFIN"""
"""Aro Granite Industries Limited""","""AROGRANITE"""
"""Arrow Greentech Limited""","""ARROWGREEN"""
"""Arrow Textiles Limited""","""ARROWTEX"""
"""Arshiya Limited""","""ARSHIYA"""
"""ARSS Infrastructure Projects Limited""","""ARSSINFRA"""
"""Arvind Limited""","""ARVIND"""
"""Arvind SmartSpaces Limited""","""ARVSMART"""
"""Asahi India Glass Limited""","""ASAHIINDIA"""
"""Asahi Songwon Colors Limited""","""ASAHISONG"""
"""Automotive Stampings and Assemblies Limited""","""ASAL"""
"""Ashapura Minechem Limited""","""ASHAPURMIN"""
"""Ashiana Housing Limited""","""ASHIANA"""
"""Ashima Limited""","""ASHIMASYN"""
"""Ashoka Buildcon Limited""","""ASHOKA"""
"""Ashok Leyland Limited""","""ASHOKLEY"""
"""Asian Hotels (North) Limited""","""ASIANHOTNR"""
"""Asian Paints Limited""","""ASIANPAINT"""
"""Asian Granito India Limited""","""ASIANTILES"""
"""Amit Spinning Industries Limited""","""ASIL"""
"""Aspinwall and Company Limited""","""ASPINWALL"""
"""Assam Company India Limited""","""ASSAMCO"""
"""Astec LifeSciences Limited""","""ASTEC"""
"""Astral Poly Technik Limited""","""ASTRAL"""
"""Astra Microwave Products Limited""","""ASTRAMICRO"""
"""AstraZeneca Pharma India Limited""","""ASTRAZEN"""
"""Agro Tech Foods Limited""","""ATFL"""
"""Atlanta  Limited""","""ATLANTA"""
"""Atlas Cycles (Haryana) Limited""","""ATLASCYCLE"""
"""Atul Limited""","""ATUL"""
"""Atul Auto Limited""","""ATULAUTO"""
"""AU Small Finance Bank Limited""","""AUBANK"""
"""Aurionpro Solutions Limited""","""AURIONPRO"""
"""Aurobindo Pharma Limited""","""AUROPHARMA"""
"""Ausom Enterprise Limited""","""AUSOMENT"""
"""Austral Coke & Projects Limited""","""AUSTRAL"""
"""Automotive Axles Limited""","""AUTOAXLES"""
"""Autoline Industries Limited""","""AUTOIND"""
"""Autolite (India) Limited""","""AUTOLITIND"""
"""Avanti Feeds Limited""","""AVANTIFEED"""
"""AVT Natural Products Limited""","""AVTNPL"""
"""Axis Bank Limited""","""AXISBANK"""
"""AXISCADES Engineering Technologies Limited""","""AXISCADES"""
"""AYM Syntex Limited""","""AYMSYNTEX"""
"""Bafna Pharmaceuticals Limited""","""BAFNAPHARM"""
"""B.A.G Films and Media Limited""","""BAGFILMS"""
"""Bajaj Auto Limited""","""BAJAJ-AUTO"""
"""Bajaj Corp Limited""","""BAJAJCORP"""
"""Bajaj Electricals Limited""","""BAJAJELEC"""
"""Bajaj Finserv Limited""","""BAJAJFINSV"""
"""Bajaj Hindusthan Sugar Limited""","""BAJAJHIND"""
"""Bajaj Holdings & Investment Limited""","""BAJAJHLDNG"""
"""Bajaj Finance Limited""","""BAJFINANCE"""
"""Balaji Telefilms Limited""","""BALAJITELE"""
"""Balaji Amines Limited""","""BALAMINES"""
"""Balkrishna Paper Mills Limited""","""BALKRISHNA"""
"""Balkrishna Industries Limited""","""BALKRISIND"""
"""Ballarpur Industries Limited""","""BALLARPUR"""
"""Balmer Lawrie & Company Limited""","""BALMLAWRIE"""
"""Bal Pharma Limited""","""BALPHARMA"""
"""Balrampur Chini Mills Limited""","""BALRAMCHIN"""
"""Banaras Beads Limited""","""BANARBEADS"""
"""Bannari Amman Sugars Limited""","""BANARISUG"""
"""Banco Products (I) Limited""","""BANCOINDIA"""
"""Bang Overseas Limited""","""BANG"""
"""Bank of Baroda""","""BANKBARODA"""
"""Bank of India""","""BANKINDIA"""
"""Banswara Syntex Limited""","""BANSWRAS"""
"""Bartronics India Limited""","""BARTRONICS"""
"""BASF India Limited""","""BASF"""
"""Bannari Amman Spinning Mills Limited""","""BASML"""
"""Bata India Limited""","""BATAINDIA"""
"""Bayer Cropscience Limited""","""BAYERCROP"""
"""Bharat Bijlee Limited""","""BBL"""
"""Bombay Burmah Trading Corporation Limited""","""BBTC"""
"""Beardsell Limited""","""BEARDSELL"""
"""Bedmutha Industries Limited""","""BEDMUTHA"""
"""Bharat Electronics Limited""","""BEL"""
"""BEML Limited""","""BEML"""
"""Bhansali Engineering Polymers Limited""","""BEPL"""
"""Berger Paints (I) Limited""","""BERGEPAINT"""
"""BF Investment Limited""","""BFINVEST"""
"""BF Utilities Limited""","""BFUTILITIE"""
"""Bharatiya Global Infomedia Limited""","""BGLOBAL"""
"""BGR Energy Systems Limited""","""BGRENERGY"""
"""Bhageria Industries Limited""","""BHAGERIA"""
"""Bhagyanagar India Limited""","""BHAGYANGR"""
"""Bhandari Hosiery Exports Limited""","""BHANDARI"""
"""Bharat Financial Inclusion Limited""","""BHARATFIN"""
"""Bharat Forge Limited""","""BHARATFORG"""
"""Bharat Gears Limited""","""BHARATGEAR"""
"""Bharati Defence and Infrastructure Limited""","""BHARATIDIL"""
"""Bharat Rasayan Limited""","""BHARATRAS"""
"""Bharat Wire Ropes Limited""","""BHARATWIRE"""
"""Bharti Airtel Limited""","""BHARTIARTL"""
"""Bharat Heavy Electricals Limited""","""BHEL"""
"""Bhushan Steel Limited""","""BHUSANSTL"""
"""Bigbloc Construction Limited""","""BIGBLOC"""
"""Bhartiya International Limited""","""BIL"""
"""Bil Energy Systems Limited""","""BILENERGY"""
"""Bilpower  Limited""","""BILPOWER"""
"""Binani Industries Limited""","""BINANIIND"""
"""Oswal Chemicals & Fertilizers Limited""","""BINDALAGRO"""
"""Biocon Limited""","""BIOCON"""
"""Birla Cable Limited""","""BIRLACABLE"""
"""Birla Corporation Limited""","""BIRLACORPN"""
"""Aditya Birla Money Limited""","""BIRLAMONEY"""
"""BLB Limited""","""BLBLIMITED"""
"""Bliss GVS Pharma Limited""","""BLISSGVS"""
"""B. L. Kashyap and Sons Limited""","""BLKASHYAP"""
"""BLS International Services Limited""","""BLS"""
"""Blue Blends (I) Limited""","""BLUEBLENDS"""
"""Blue Coast Hotels Limited""","""BLUECOAST"""
"""Blue Dart Express Limited""","""BLUEDART"""
"""Blue Star Limited""","""BLUESTARCO"""
"""Bodal Chemicals Limited""","""BODALCHEM"""
"""Bombay Dyeing & Mfg Company Limited""","""BOMDYEING"""
"""Bosch Limited""","""BOSCHLTD"""
"""Bharat Petroleum Corporation Limited""","""BPCL"""
"""BPL Limited""","""BPL"""
"""Bombay Rayon Fashions Limited""","""BRFL"""
"""Brigade Enterprises Limited""","""BRIGADE"""
"""Britannia Industries Limited""","""BRITANNIA"""
"""Brooks Laboratories Limited""","""BROOKS"""
"""BSE Limited""","""BSE"""
"""BSEL Infrastructure Realty Limited""","""BSELINFRA"""
"""BSL Limited""","""BSL"""
"""BS Limited""","""BSLIMITED"""
"""Burnpur Cement Limited""","""BURNPUR"""
"""Butterfly Gandhimathi Appliances Limited""","""BUTTERFLY"""
"""Barak Valley Cements Limited""","""BVCL"""
"""The Byke Hospitality Ltd""","""BYKE"""
"""The Byke Hospitality Ltd""","""BYKE"""
"""Cadila Healthcare Limited""","""CADILAHC"""
"""California Software Company Limited""","""CALSOFT"""
"""California Software Company Limited""","""CALSOFT"""
"""Camlin Fine Sciences Limited""","""CAMLINFINE"""
"""Canara Bank""","""CANBK"""
"""C & C Constructions Limited""","""CANDC"""
"""Can Fin Homes Limited""","""CANFINHOME"""
"""Cantabil Retail India Limited""","""CANTABIL"""
"""Capital First Limited""","""CAPF"""
"""Caplin Point Laboratories Limited""","""CAPLIPOINT"""
"""Capital Trust Limited""","""CAPTRUST"""
"""Carborundum Universal Limited""","""CARBORUNIV"""
"""Career Point Limited""","""CAREERP"""
"""CARE Ratings Limited""","""CARERATING"""
"""Castex Technologies Limited""","""CASTEXTECH"""
"""Castrol India Limited""","""CASTROLIND"""
"""Consolidated Construction Consortium Limited""","""CCCL"""
"""Country Club Hospitality & Holidays Limited""","""CCHHL"""
"""CCL Products (India) Limited""","""CCL"""
"""CCL Products (India) Limited""","""CCL"""
"""Central Depository Services (India) Limited""","""CDSL"""
"""CEAT Limited""","""CEATLTD"""
"""Commercial Engineers & Body Builders Co Limited""","""CEBBCO"""
"""Celebrity Fashions Limited""","""CELEBRITY"""
"""Celestial Biolabs Limited""","""CELESTIAL"""
"""Century Enka Limited""","""CENTENKA"""
"""Century Extrusions Limited""","""CENTEXT"""
"""Central Bank of India""","""CENTRALBK"""
"""Centum Electronics Limited""","""CENTUM"""
"""Century Plyboards (India) Limited""","""CENTURYPLY"""
"""Century Textiles & Industries Limited""","""CENTURYTEX"""
"""Cera Sanitaryware Limited""","""CERA"""
"""Cerebra Integrated Technologies Limited""","""CEREBRAINT"""
"""CESC Limited""","""CESC"""
"""Capri Global Capital Limited""","""CGCL"""
"""CG Power and Industrial Solutions Limited""","""CGPOWER"""
"""Chambal Fertilizers & Chemicals Limited""","""CHAMBLFERT"""
"""Chennai Petroleum Corporation Limited""","""CHENNPETRO"""
"""Cholamandalam Investment and Finance Company Limited""","""CHOLAFIN"""
"""Chromatic India Limited""","""CHROMATIC"""
"""Cigniti Technologies Limited""","""CIGNITITEC"""
"""Cimmco Limited""","""CIMMCO"""
"""Cineline India Limited""","""CINELINE"""
"""Cinevista Limited""","""CINEVISTA"""
"""Cipla Limited""","""CIPLA"""
"""CL Educate Limited""","""CLEDUCATE"""
"""Clariant Chemicals (India) Limited""","""CLNINDIA"""
"""CMI Limited""","""CMICABLES"""
"""CIL Nova Petrochemicals Limited""","""CNOVAPETRO"""
"""Coal India Limited""","""COALINDIA"""
"""Coffee Day Enterprises Limited""","""COFFEEDAY"""
"""Colgate Palmolive (India) Limited""","""COLPAL"""
"""Compuage Infocom Limited""","""COMPINFO"""
"""Compucom Software Limited""","""COMPUSOFT"""
"""Container Corporation of India Limited""","""CONCOR"""
"""Consolidated Finvest & Holdings Limited""","""CONSOFINVT"""
"""Control Print Limited""","""CONTROLPR"""
"""Coral India Finance & Housing Limited""","""CORALFINAC"""
"""Cords Cable Industries Limited""","""CORDSCABLE"""
"""Coromandel International Limited""","""COROMANDEL"""
"""Corporation Bank""","""CORPBANK"""
"""Cosmo Films Limited""","""COSMOFILMS"""
"""Country Condo's Limited""","""COUNCODOS"""
"""Cox & Kings Limited""","""COX&KINGS"""
"""Creative Eye Limited""","""CREATIVEYE"""
"""Crest Ventures Limited""","""CREST"""
"""CRISIL Limited""","""CRISIL"""
"""Crompton Greaves Consumer Electricals Limited""","""CROMPTON"""
"""Cambridge Technology Enterprises Limited""","""CTE"""
"""City Union Bank Limited""","""CUB"""
"""Cubex Tubings Limited""","""CUBEXTUB"""
"""Cummins India Limited""","""CUMMINSIND"""
"""Cupid Limited""","""CUPID"""
"""Cura Technologies Limited""","""CURATECH"""
"""Cyber Media (India) Limited""","""CYBERMEDIA"""
"""Cybertech Systems And Software Limited""","""CYBERTECH"""
"""Cyient Limited""","""CYIENT"""
"""LT Foods Limited""","""DAAWAT"""
"""Dabur India Limited""","""DABUR"""
"""Dalmia Bharat Limited""","""DALMIABHA"""
"""Dalmia Bharat Sugar and Industries Limited""","""DALMIASUG"""
"""Damodar Industries Limited""","""DAMODARIND"""
"""Datamatics Global Services Limited""","""DATAMATICS"""
"""D.B.Corp Limited""","""DBCORP"""
"""Dilip Buildcon Limited""","""DBL"""
"""D B Realty Limited""","""DBREALTY"""
"""DB (International) Stock Brokers Limited""","""DBSTOCKBRO"""
"""DCB Bank Limited""","""DCBBANK"""
"""DCM  Limited""","""DCM"""
"""DCM Shriram Limited""","""DCMSHRIRAM"""
"""DCW Limited""","""DCW"""
"""Deccan Cements Limited""","""DECCANCE"""
"""Deepak Fertilizers and Petrochemicals Corporation Limited""","""DEEPAKFERT"""
"""Deepak Nitrite Limited""","""DEEPAKNTR"""
"""Deep Industries Limited""","""DEEPIND"""
"""Delta Corp Limited""","""DELTACORP"""
"""Delta Magnets Limited""","""DELTAMAGNT"""
"""Den Networks Limited""","""DEN"""
"""Dena Bank""","""DENABANK"""
"""De Nora India Limited""","""DENORA"""
"""DFM Foods Limited""","""DFMFOODS"""
"""Dhampur Sugar Mills Limited""","""DHAMPURSUG"""
"""Dhanlaxmi Bank Limited""","""DHANBANK"""
"""Dhanuka Agritech Limited""","""DHANUKA"""
"""Dharani Sugars & Chemicals Limited""","""DHARSUGAR"""
"""Dewan Housing Finance Corporation Limited""","""DHFL"""
"""Dhunseri Investments Limited""","""DHUNINV"""
"""Diamond Power Infra Ltd""","""DIAPOWER"""
"""DIC India Limited""","""DICIND"""
"""Digjam Limited""","""DIGJAMLTD"""
"""Dish TV India Limited""","""DISHTV"""
"""Divi's Laboratories Limited""","""DIVISLAB"""
"""DLF Limited""","""DLF"""
"""D-Link (India) Limited""","""DLINKINDIA"""
"""Avenue Supermarts Limited""","""DMART"""
"""Dollar Industries Limited""","""DOLLAR"""
"""Dolphin Offshore Enterprises (India) Limited""","""DOLPHINOFF"""
"""Donear Industries Limited""","""DONEAR"""
"""Dhunseri Petrochem Limited""","""DPL"""
"""DPSC Limited""","""DPSCLTD"""
"""DQ Entertainment (International) Limited""","""DQE"""
"""Dredging Corporation of India Limited""","""DREDGECORP"""
"""Dr. Reddy's Laboratories Limited""","""DRREDDY"""
"""DS Kulkarni Developers Limited""","""DSKULKARNI"""
"""Dynacons Systems & Solutions Limited""","""DSSL"""
"""Dhunseri Tea & Industries Limited""","""DTIL"""
"""Ducon Infratechnologies Limited""","""DUCON"""
"""Dwarikesh Sugar Industries Limited""","""DWARKESH"""
"""Dynamatic Technologies Limited""","""DYNAMATECH"""
"""Eastern Silk Industries Limited""","""EASTSILK"""
"""Easun Reyrolle Limited""","""EASUNREYRL"""
"""ECE Industries Limited""","""ECEIND"""
"""eClerx Services Limited""","""ECLERX"""
"""Edelweiss Financial Services Limited""","""EDELWEISS"""
"""Empee Distilleries Limited""","""EDL"""
"""Educomp Solutions Limited""","""EDUCOMP"""
"""Eicher Motors Limited""","""EICHERMOT"""
"""EID Parry India Limited""","""EIDPARRY"""
"""EIH Associated Hotels Limited""","""EIHAHOTELS"""
"""EIH Limited""","""EIHOTEL"""
"""Eimco Elecon (India) Limited""","""EIMCOELECO"""
"""Everest Kanto Cylinder Limited""","""EKC"""
"""E-Land Apparel Limited""","""ELAND"""
"""Elecon Engineering Company Limited""","""ELECON"""
"""Electrosteel Castings Limited""","""ELECTCAST"""
"""Electrotherm (India) Limited""","""ELECTHERM"""
"""Elgi Equipments Limited""","""ELGIEQUIP"""
"""Elgi Rubber Company Limited""","""ELGIRUBCO"""
"""Emami Infrastructure Limited""","""EMAMIINFRA"""
"""Emami Limited""","""EMAMILTD"""
"""Emco Limited""","""EMCO"""
"""Emkay Global Financial Services Limited""","""EMKAY"""
"""Emmbi Industries Limited""","""EMMBI"""
"""Endurance Technologies Limited""","""ENDURANCE"""
"""Energy Development Company Limited""","""ENERGYDEV"""
"""Engineers India Limited""","""ENGINERSIN"""
"""Entertainment Network (India) Limited""","""ENIL"""
"""Eon Electric Limited""","""EON"""
"""Equitas Holdings Limited""","""EQUITAS"""
"""Equitas Holdings Limited""","""EQUITAS"""
"""Eris Lifesciences Limited""","""ERIS"""
"""Eros International Media Limited""","""EROSMEDIA"""
"""Esab India Limited""","""ESABINDIA"""
"""Escorts Limited""","""ESCORTS"""
"""Electrosteel Steels Limited""","""ESL"""
"""Essar Shipping Limited""","""ESSARSHPNG"""
"""Ess Dee Aluminium Limited""","""ESSDEE"""
"""Essel Propack Limited""","""ESSELPACK"""
"""Ester Industries Limited""","""ESTER"""
"""Euro Ceramics Limited""","""EUROCERA"""
"""Euro Multivision Limited""","""EUROMULTI"""
"""Eurotex Industries and Exports Limited""","""EUROTEXIND"""
"""Eveready Industries India Limited""","""EVEREADY"""
"""Everest Industries Limited""","""EVERESTIND"""
"""Excel Realty N Infra Limited""","""EXCEL"""
"""Excel Crop Care Limited""","""EXCELCROP"""
"""Excel Industries Limited""","""EXCELINDUS"""
"""Exide Industries Limited""","""EXIDEIND"""
"""Fertilizers and Chemicals Travancore Limited""","""FACT"""
"""FAG Bearings India Limited""","""FAGBEARING"""
"""Fairchem Speciality Limited""","""FAIRCHEM"""
"""Fineotex Chemical Limited""","""FCL"""
"""Future Consumer Limited""","""FCONSUMER"""
"""FCS Software Solutions Limited""","""FCSSOFT"""
"""FDC Limited""","""FDC"""
"""Fedders Electric and Engineering Limited""","""FEDDERELEC"""
"""The Federal Bank  Limited""","""FEDERALBNK"""
"""Future Enterprises Limited""","""FEL"""
"""Future Enterprises Limited""","""FELDVR"""
"""Fiem Industries Limited""","""FIEMIND"""
"""Filatex India Limited""","""FILATEX"""
"""Finolex Cables Limited""","""FINCABLES"""
"""Finolex Industries Limited""","""FINPIPE"""
"""First Winner Industries Limited""","""FIRSTWIN"""
"""Flexituff International Limited""","""FLEXITUFF"""
"""Future Lifestyle Fashions Limited""","""FLFL"""
"""Federal-Mogul Goetze (India) Limited.""","""FMGOETZE"""
"""Future Market Networks Limited""","""FMNL"""
"""Fortis Healthcare Limited""","""FORTIS"""
"""Foseco India Limited""","""FOSECOIND"""
"""Future Retail Limited""","""FRETAIL"""
"""Firstsource Solutions Limited""","""FSL"""
"""Gabriel India Limited""","""GABRIEL"""
"""Gujarat Ambuja Exports Limited""","""GAEL"""
"""GAIL (India) Limited""","""GAIL"""
"""Gyscoal Alloys Limited""","""GAL"""
"""Gallantt Metal Limited""","""GALLANTT"""
"""Gallantt Ispat Limited""","""GALLISPAT"""
"""Gammon Infrastructure Projects Limited""","""GAMMNINFRA"""
"""Gammon India Limited""","""GAMMONIND"""
"""Gandhi Special Tubes Limited""","""GANDHITUBE"""
"""Ganesha Ecosphere Limited""","""GANECOS"""
"""Ganesh Housing Corporation Limited""","""GANESHHOUC"""
"""Gangotri Textiles Limited""","""GANGOTRI"""
"""Garden Silk Mills Limited""","""GARDENSILK"""
"""Garware  Wall Ropes Limited""","""GARWALLROP"""
"""GATI Limited""","""GATI"""
"""Gayatri Projects Limited""","""GAYAPROJ"""
"""Gateway Distriparks Limited""","""GDL"""
"""GeeCee Ventures Limited""","""GEECEE"""
"""Gemini Communication Limited""","""GEMINI"""
"""Genesys International Corporation Limited""","""GENESYS"""
"""Genus Paper & Boards Limited""","""GENUSPAPER"""
"""Genus Power Infrastructures Limited""","""GENUSPOWER"""
"""Geojit Financial Services Limited""","""GEOJITFSL"""
"""GE Power India Limited""","""GEPIL"""
"""The Great Eastern Shipping Company Limited""","""GESHIP"""
"""GE T&D India Limited""","""GET&D"""
"""GHCL Limited""","""GHCL"""
"""GIC Housing Finance Limited""","""GICHSGFIN"""
"""Gillanders Arbuthnot & Company Limited""","""GILLANDERS"""
"""Gillette India Limited""","""GILLETTE"""
"""Ginni Filaments Limited""","""GINNIFILA"""
"""Gujarat Industries Power Company Limited""","""GIPCL"""
"""GI Engineering Solutions Limited""","""GISOLUTION"""
"""Gitanjali Gems Limited""","""GITANJALI"""
"""GKW Limited""","""GKWLIMITED"""
"""GlaxoSmithKline Pharmaceuticals Limited""","""GLAXO"""
"""Glenmark Pharmaceuticals Limited""","""GLENMARK"""
"""Gujarat Lease Financing Limited""","""GLFL"""
"""Global Vectra Helicorp Limited""","""GLOBALVECT"""
"""Global Offshore Services Limited""","""GLOBOFFS"""
"""Globus Spirits Limited""","""GLOBUSSPR"""
"""GM Breweries Limited""","""GMBREW"""
"""Gujarat Mineral Development Corporation Limited""","""GMDCLTD"""
"""GMR Infrastructure Limited""","""GMRINFRA"""
"""GNA Axles Limited""","""GNA"""
"""Gujarat Narmada Valley Fertilizers and Chemicals Limited""","""GNFC"""
"""Goa Carbon Limited""","""GOACARBON"""
"""GOCL Corporation Limited""","""GOCLCORP"""
"""Godfrey Phillips India Limited""","""GODFRYPHLP"""
"""Godrej Consumer Products Limited""","""GODREJCP"""
"""Godrej Industries Limited""","""GODREJIND"""
"""Godrej Properties Limited""","""GODREJPROP"""
"""Goenka Diamond and Jewels Limited""","""GOENKA"""
"""Gokaldas Exports Limited""","""GOKEX"""
"""Gokul Refoils and Solvent Limited""","""GOKUL"""
"""Gokul Agro Resources Limited""","""GOKULAGRO"""
"""Golden Tobacco Limited""","""GOLDENTOBC"""
"""Goldiam International Limited""","""GOLDIAM"""
"""Goldstone Infratech Limited""","""GOLDINFRA"""
"""Goldstone Technologies Limited""","""GOLDTECH"""
"""Goodluck India Limited""","""GOODLUCK"""
"""Godawari Power And Ispat limited""","""GPIL"""
"""Gujarat Pipavav Port Limited""","""GPPL"""
"""GPT Infraprojects Limited""","""GPTINFRA"""
"""Granules India Limited""","""GRANULES"""
"""Graphite India Limited""","""GRAPHITE"""
"""Grasim Industries Limited""","""GRASIM"""
"""Gravita India Limited""","""GRAVITA"""
"""Greaves Cotton Limited""","""GREAVESCOT"""
"""Greenlam Industries Limited""","""GREENLAM"""
"""Greenply Industries Limited""","""GREENPLY"""
"""Orient Green Power Company Limited""","""GREENPOWER"""
"""Grindwell Norton Limited""","""GRINDWELL"""
"""The Grob Tea Company Limited""","""GROBTEA"""
"""GRP Limited""","""GRPLTD"""
"""Gruh Finance Limited""","""GRUH"""
"""Gujarat Sidhee Cement Limited""","""GSCLCEMENT"""
"""Gujarat State Fertilizers & Chemicals Limited""","""GSFC"""
"""Gujarat State Fertilizers & Chemicals Limited""","""GSFC"""
"""GlaxoSmithKline Consumer Healthcare Limited""","""GSKCONS"""
"""Gujarat State Petronet Limited""","""GSPL"""
"""GSS Infotech Limited""","""GSS"""
"""GTL Limited""","""GTL"""
"""GTL Infrastructure Limited""","""GTLINFRA"""
"""GTN Industries Limited""","""GTNIND"""
"""GTN Textiles Limited""","""GTNTEX"""
"""GOL Offshore Limited""","""GTOFFSHORE"""
"""GTPL Hathway Limited""","""GTPL"""
"""Gufic Biosciences Limited""","""GUFICBIO"""
"""Gujarat Alkalies and Chemicals Limited""","""GUJALKALI"""
"""Gujarat Apollo Industries Limited""","""GUJAPOLLO"""
"""Gujarat Fluorochemicals Limited""","""GUJFLUORO"""
"""Gujarat Gas Limited""","""GUJGASLTD"""
"""Gujarat NRE Coke Limited""","""GUJNRECOKE"""
"""Gujarat NRE Coke Limited""","""GUJNREDVR"""
"""Gulf Oil Lubricants India Limited""","""GULFOILLUB"""
"""GP Petroleums Limited""","""GULFPETRO"""
"""Gulshan Polyols Limited""","""GULPOLY"""
"""GVK Power & Infrastructure Limited""","""GVKPIL"""
"""Hanung Toys and Textiles Limited""","""HANUNG"""
"""Harita Seating Systems Limited""","""HARITASEAT"""
"""Harrisons  Malayalam Limited""","""HARRMALAYA"""
"""Hathway Cable & Datacom Limited""","""HATHWAY"""
"""Hatsun Agro Product Limited""","""HATSUN"""
"""Havells India Limited""","""HAVELLS"""
"""HBL Power Systems Limited""","""HBLPOWER"""
"""HB Stockholdings Limited""","""HBSTOCK"""
"""Hindustan Construction Company Limited""","""HCC"""
"""Healthcare Global Enterprises Limited""","""HCG"""
"""HCL Infosystems Limited""","""HCL-INSYS"""
"""HCL Technologies Limited""","""HCLTECH"""
"""Housing Development Finance Corporation Limited""","""HDFC"""
"""HDFC Bank Limited""","""HDFCBANK"""
"""HDFC Bank Limited""","""HDFCBANK"""
"""Housing Development and Infrastructure Limited""","""HDIL"""
"""HEG Limited""","""HEG"""
"""HeidelbergCement India Limited""","""HEIDELBERG"""
"""Hercules Hoists Limited""","""HERCULES"""
"""Heritage Foods Limited""","""HERITGFOOD"""
"""Hero MotoCorp Limited""","""HEROMOTOCO"""
"""Hester Biosciences Limited""","""HESTERBIO"""
"""Hexa Tradex Limited""","""HEXATRADEX"""
"""Hexaware Technologies Limited""","""HEXAWARE"""
"""Himachal Futuristic Communications Limited""","""HFCL"""
"""Hinduja Global Solutions Limited""","""HGS"""
"""High Ground Enterprise Limited""","""HIGHGROUND"""
"""Hikal Limited""","""HIKAL"""
"""HIL Limited""","""HIL"""
"""Hilton Metal Forging Limited""","""HILTON"""
"""Himatsingka Seide Limited""","""HIMATSEIDE"""
"""Hindalco Industries Limited""","""HINDALCO"""
"""Hindustan Composites Limited""","""HINDCOMPOS"""
"""Hindustan Copper Limited""","""HINDCOPPER"""
"""Hindustan Motors Limited""","""HINDMOTORS"""
"""Hindusthan National Glass & Industries Limited""","""HINDNATGLS"""
"""Hindustan Oil Exploration Company Limited""","""HINDOILEXP"""
"""Hindustan Petroleum Corporation Limited""","""HINDPETRO"""
"""Hind Syntex Limited""","""HINDSYNTEX"""
"""Hinduja Ventures Limited""","""HINDUJAVEN"""
"""Hindustan Unilever Limited""","""HINDUNILVR"""
"""Hindustan Zinc Limited""","""HINDZINC"""
"""Hind Rectifiers Limited""","""HIRECT"""
"""Hisar Metal Industries Limited""","""HISARMETAL"""
"""Hitech Corporation Limited""","""HITECHCORP"""
"""The Hi-Tech Gears Limited""","""HITECHGEAR"""
"""HMT Limited""","""HMT"""
"""Hindustan Media Ventures Limited""","""HMVL"""
"""Hindustan Organic Chemicals Limited""","""HOCL"""
"""Honeywell Automation India Limited""","""HONAUT"""
"""Honda Siel Power Products Limited""","""HONDAPOWER"""
"""Hotel Leela Venture Limited""","""HOTELEELA"""
"""Hotel Rugby Limited""","""HOTELRUGBY"""
"""HOV Services Limited""","""HOVS"""
"""HPL Electric & Power Limited""","""HPL"""
"""Himadri Speciality Chemical Limited""","""HSCL"""
"""HSIL Limited""","""HSIL"""
"""HT Media Limited""","""HTMEDIA"""
"""Hubtown Limited""","""HUBTOWN"""
"""Housing & Urban Development Corporation Limited""","""HUDCO"""
"""Indiabulls Real Estate Limited""","""IBREALEST"""
"""Indiabulls Housing Finance Limited""","""IBULHSGFIN"""
"""Indiabulls Ventures Limited""","""IBVENTURES"""
"""ICICI Bank Limited""","""ICICIBANK"""
"""ICICI Prudential Life Insurance Company Limited""","""ICICIPRULI"""
"""Indo Count Industries Limited""","""ICIL"""
"""ICRA Limited""","""ICRA"""
"""ICSA (India) Limited""","""ICSA"""
"""IDBI Bank Limited""","""IDBI"""
"""Idea Cellular Limited""","""IDEA"""
"""IDFC Limited""","""IDFC"""
"""IDFC Bank Limited""","""IDFCBANK"""
"""IFB Agro Industries Limited""","""IFBAGRO"""
"""IFB Industries Limited""","""IFBIND"""
"""IFCI Limited""","""IFCI"""
"""IFGL Refractories Limited""","""IFGLREFRAC"""
"""Igarashi Motors India Limited""","""IGARASHI"""
"""Indraprastha Gas Limited""","""IGL"""
"""Indraprastha Gas Limited""","""IGL"""
"""IG Petrochemicals Limited""","""IGPL"""
"""IIFL Holdings Limited""","""IIFL"""
"""Industrial Investment Trust Limited""","""IITL"""
"""IL&FS Engineering and Construction Company Limited""","""IL&FSENGG"""
"""IL&FS Transportation Networks Limited""","""IL&FSTRANS"""
"""Indian Metals & Ferro Alloys Limited""","""IMFA"""
"""India Motor Parts and Accessories Limited""","""IMPAL"""
"""Impex Ferro Tech Limited""","""IMPEXFERRO"""
"""Indbank Merchant Banking Services Limited""","""INDBANK"""
"""The Indian Hotels Company Limited""","""INDHOTEL"""
"""The India Cements Limited""","""INDIACEM"""
"""India Glycols Limited""","""INDIAGLYCO"""
"""Indian Bank""","""INDIANB"""
"""Indian Card Clothing Company Limited""","""INDIANCARD"""
"""Indian Hume Pipe Company Limited""","""INDIANHUME"""
"""InterGlobe Aviation Limited""","""INDIGO"""
"""IMP Powers Limited""","""INDLMETER"""
"""India Nippon Electricals Limited""","""INDNIPPON"""
"""Indoco Remedies Limited""","""INDOCO"""
"""Indo Rama Synthetics (India) Limited""","""INDORAMA"""
"""Indosolar Limited""","""INDOSOLAR"""
"""Indo Tech Transformers Limited""","""INDOTECH"""
"""Indo Thai Securities Limited""","""INDOTHAI"""
"""Indowind Energy Limited""","""INDOWIND"""
"""Indraprastha Medical Corporation Limited""","""INDRAMEDCO"""
"""Ind-Swift Laboratories Limited""","""INDSWFTLAB"""
"""Ind-Swift Limited""","""INDSWFTLTD"""
"""Indian Terrain Fashions Limited""","""INDTERRAIN"""
"""IndusInd Bank Limited""","""INDUSINDBK"""
"""INEOS Styrolution India Limited""","""INEOSSTYRO"""
"""Infibeam Incorporation Limited""","""INFIBEAM"""
"""Infinite Computer Solutions (India) Limited""","""INFINITE"""
"""Bharti Infratel Limited""","""INFRATEL"""
"""Infosys Limited""","""INFY"""
"""Ingersoll Rand (India) Limited""","""INGERRAND"""
"""INOX Leisure Limited""","""INOXLEISUR"""
"""Inox Wind Limited""","""INOXWIND"""
"""Insecticides (India) Limited""","""INSECTICID"""
"""Integra Garments and Textiles Limited""","""INTEGRA"""
"""Intellect Design Arena Limited""","""INTELLECT"""
"""Intense Technologies Limited""","""INTENTECH"""
"""Inventure Growth & Securities Limited""","""INVENTURE"""
"""Indian Overseas Bank""","""IOB"""
"""Indian Oil Corporation Limited""","""IOC"""
"""IOL Chemicals and Pharmaceuticals Limited""","""IOLCP"""
"""International Paper APPM Limited""","""IPAPPM"""
"""IPCA Laboratories Limited""","""IPCALAB"""
"""IRB Infrastructure Developers Limited""","""IRB"""
"""Intrasoft Technologies Limited""","""ISFT"""
"""ISMT Limited""","""ISMTLTD"""
"""ITC Limited""","""ITC"""
"""India Tourism Development Corporation Limited""","""ITDC"""
"""ITD Cementation India Limited""","""ITDCEM"""
"""ITI Limited""","""ITI"""
"""IL&FS Investment Managers Limited""","""IVC"""
"""IVP Limited""","""IVP"""
"""IVRCL Limited""","""IVRCLINFRA"""
"""IZMO Limited""","""IZMO"""
"""The Jammu & Kashmir Bank Limited""","""J&KBANK"""
"""Jagran Prakashan Limited""","""JAGRAN"""
"""Jagsonpal Pharmaceuticals Limited""","""JAGSNPHARM"""
"""Jai Balaji Industries Limited""","""JAIBALAJI"""
"""Jai Corp Limited""","""JAICORPLTD"""
"""Jaihind Projects Limited""","""JAIHINDPRO"""
"""Jain Studios Limited""","""JAINSTUDIO"""
"""Jamna Auto Industries Limited""","""JAMNAAUTO"""
"""Jayant Agro Organics Limited""","""JAYAGROGN"""
"""Jay Bharat Maruti Limited""","""JAYBARMARU"""
"""Jayaswal Neco Industries Limited""","""JAYNECOIND"""
"""Jayshree Tea & Industries Limited""","""JAYSREETEA"""
"""JB Chemicals & Pharmaceuticals Limited""","""JBCHEPHARM"""
"""JBF Industries Limited""","""JBFIND"""
"""JBM Auto Limited""","""JBMA"""
"""Johnson Controls – Hitachi Air Conditioning India Limited""","""JCHAC"""
"""Jenson & Nicholson (India) Limited""","""JENSONICOL"""
"""Jet Airways (India) Limited""","""JETAIRWAYS"""
"""JHS Svendgaard Laboratories Limited""","""JHS"""
"""Jindal Photo Limited""","""JINDALPHOT"""
"""Jindal Poly Films Limited""","""JINDALPOLY"""
"""Jindal Saw Limited""","""JINDALSAW"""
"""Jindal Steel & Power Limited""","""JINDALSTEL"""
"""Jindal Cotex Limited""","""JINDCOT"""
"""Jindal Drilling And Industries Limited""","""JINDRILL"""
"""Jindal Worldwide Limited""","""JINDWORLD"""
"""Jain Irrigation Systems Limited""","""JISLDVREQS"""
"""Jain Irrigation Systems Limited""","""JISLJALEQS"""
"""JITF Infralogistics Limited""","""JITFINFRA"""
"""JK Cement Limited""","""JKCEMENT"""
"""J.Kumar Infraprojects Limited""","""JKIL"""
"""JK Lakshmi Cement Limited""","""JKLAKSHMI"""
"""JK Paper Limited""","""JKPAPER"""
"""JK Tyre & Industries Limited""","""JKTYRE"""
"""Jullundur Motor Agency (Delhi) Limited""","""JMA"""
"""JMC Projects (India)  Limited""","""JMCPROJECT"""
"""JM Financial Limited""","""JMFINANCIL"""
"""JMT Auto Limited""","""JMTAUTOLTD"""
"""Jocil Limited""","""JOCIL"""
"""Jaiprakash Associates Limited""","""JPASSOCIAT"""
"""Jaypee Infratech Limited""","""JPINFRATEC"""
"""Jindal Poly Investment and Finance Company Limited""","""JPOLYINVST"""
"""Jaiprakash Power Ventures Limited""","""JPPOWER"""
"""Jindal Stainless Limited""","""JSL"""
"""Jindal Stainless (Hisar) Limited""","""JSLHISAR"""
"""JSW Energy Limited""","""JSWENERGY"""
"""JSW Holdings Limited""","""JSWHL"""
"""JSW Steel Limited""","""JSWSTEEL"""
"""Jubilant Life Sciences Limited""","""JUBILANT"""
"""Jubilant Foodworks Limited""","""JUBLFOOD"""
"""Jubilant Industries Limited""","""JUBLINDS"""
"""Just Dial Limited""","""JUSTDIAL"""
"""JVL Agro Industries Limited""","""JVLAGRO"""
"""Jyothy Laboratories Limited""","""JYOTHYLAB"""
"""Jyoti Structures Limited""","""JYOTISTRUC"""
"""Kabra Extrusion Technik Limited""","""KABRAEXTRU"""
"""Kajaria Ceramics Limited""","""KAJARIACER"""
"""Kakatiya Cement Sugar & Industries Limited""","""KAKATCEM"""
"""Kalpataru Power Transmission Limited""","""KALPATPOWR"""
"""Kalyani Commercials Limited""","""KALYANI"""
"""Kalyani Forge Limited""","""KALYANIFRG"""
"""Kamat Hotels (I) Limited""","""KAMATHOTEL"""
"""Kamdhenu Limited""","""KAMDHENU"""
"""Kanani Industries Limited""","""KANANIIND"""
"""Kanoria Chemicals & Industries Limited""","""KANORICHEM"""
"""Kansai Nerolac Paints Limited""","""KANSAINER"""
"""Karma Energy Limited""","""KARMAENG"""
"""Karur Vysya Bank Limited""","""KARURVYSYA"""
"""Kaushalya Infrastructure Development Corporation Limited""","""KAUSHALYA"""
"""Kavveri Telecom Products Limited""","""KAVVERITEL"""
"""Kaya Limited""","""KAYA"""
"""KCP Limited""","""KCP"""
"""KCP Sugar and Industries Corporation Limited""","""KCPSUGIND"""
"""KDDL Limited""","""KDDL"""
"""KEC International Limited""","""KEC"""
"""Kirloskar Electric Company Limited""","""KECL"""
"""KEI Industries Limited""","""KEI"""
"""Kellton Tech Solutions Limited""","""KELLTONTEC"""
"""Kernex Microsystems (India) Limited""","""KERNEX"""
"""Kesar Enterprises Limited""","""KESARENT"""
"""Kesoram Industries Limited""","""KESORAMIND"""
"""Keynote Corporate Services Limited""","""KEYCORPSER"""
"""Karuturi Global Limited""","""KGL"""
"""Khaitan Electricals Limited""","""KHAITANELE"""
"""Khaitan (India) Limited""","""KHAITANLTD"""
"""Khandwala Securities Limited""","""KHANDSE"""
"""Kalyani Investment Company Limited""","""KICL"""
"""Kilitch Drugs (India) Limited""","""KILITCH"""
"""Kingfa Science & Technology (India) Limited""","""KINGFA"""
"""KIOCL Limited""","""KIOCL"""
"""Kiri Industries Limited""","""KIRIINDUS"""
"""Kirloskar Brothers Limited""","""KIRLOSBROS"""
"""Kirloskar Oil Engines Limited""","""KIRLOSENG"""
"""Kirloskar Industries Limited""","""KIRLOSIND"""
"""Kitex Garments Limited""","""KITEX"""
"""Kewal Kiran Clothing Limited""","""KKCL"""
"""K.M.Sugar Mills Limited""","""KMSUGAR"""
"""KNR Constructions Limited""","""KNRCON"""
"""Kohinoor Foods Limited""","""KOHINOOR"""
"""Kokuyo Camlin Limited""","""KOKUYOCMLN"""
"""Kolte - Patil Developers Limited""","""KOLTEPATIL"""
"""Kopran Limited""","""KOPRAN"""
"""Kotak Mahindra Bank Limited""","""KOTAKBANK"""
"""Kothari Sugars And Chemicals Limited""","""KOTARISUG"""
"""Kothari Petrochemicals Limited""","""KOTHARIPET"""
"""Kothari Products Limited""","""KOTHARIPRO"""
"""KPIT Technologies Limited""","""KPIT"""
"""K.P.R. Mill Limited""","""KPRMILL"""
"""KRBL Limited""","""KRBL"""
"""Krebs Biochemicals and Industries Limited""","""KREBSBIO"""
"""Kridhan Infra Limited""","""KRIDHANINF"""
"""KSB Pumps Limited""","""KSBPUMPS"""
"""Kaveri Seed Company Limited""","""KSCL"""
"""KSS Limited""","""KSERASERA"""
"""KSK Energy Ventures Limited""","""KSK"""
"""Kalyani Steels Limited""","""KSL"""
"""Kesar Terminals & Infrastructure Limited""","""KTIL"""
"""The Karnataka Bank Limited""","""KTKBANK"""
"""kwality limited""","""KWALITY"""
"""L&T Finance Holdings Limited""","""L&TFH"""
"""Lakshmi Precision Screws Limited""","""LAKPRE"""
"""Lakshmi Energy and Foods Limited""","""LAKSHMIEFL"""
"""Lakshmi Vilas Bank Limited""","""LAKSHVILAS"""
"""Dr. Lal Path Labs Ltd.""","""LALPATHLAB"""
"""Lambodhara Textiles Limited""","""LAMBODHARA"""
"""La Opala RG Limited""","""LAOPALA"""
"""Laurus Labs Limited""","""LAURUSLABS"""
"""Lakshmi Machine Works Limited""","""LAXMIMACH"""
"""LCC Infotech Limited""","""LCCINFOTEC"""
"""LEEL Electricals Limited""","""LEEL"""
"""Lakshmi Finance & Industrial Corporation Limited""","""LFIC"""
"""LG Balakrishnan & Bros Limited""","""LGBBROSLTD"""
"""Liberty Shoes Limited""","""LIBERTSHOE"""
"""LIC Housing Finance Limited""","""LICHSGFIN"""
"""Lincoln Pharmaceuticals Limited""","""LINCOLN"""
"""Linc Pen & Plastics Limited""","""LINCPEN"""
"""Linde India Limited""","""LINDEINDIA"""
"""Lanco Infratech Limited""","""LITL"""
"""LML Limited""","""LML"""
"""Lokesh Machines Limited""","""LOKESHMACH"""
"""Lotus Eye Care Hospital Limited""","""LOTUSEYE"""
"""Lovable Lingerie Limited""","""LOVABLE"""
"""Landmark Property Development Company Limited""","""LPDC"""
"""Lloyds Steels Industries Limited""","""LSIL"""
"""Larsen & Toubro Limited""","""LT"""
"""Larsen & Toubro Infotech Limited""","""LTI"""
"""L&T Technology Services Limited""","""LTTS"""
"""Lumax Industries Limited""","""LUMAXIND"""
"""Lumax Auto Technologies Limited""","""LUMAXTECH"""
"""Lupin Limited""","""LUPIN"""
"""Lux Industries Limited""","""LUXIND"""
"""Lycos Internet Limited""","""LYCOS"""
"""Lyka Labs Limited""","""LYKALABS"""
"""Lypsa Gems & Jewellery Limited""","""LYPSAGEMS"""
"""Mahindra & Mahindra Limited""","""M&M"""
"""Mahindra & Mahindra Financial Services Limited""","""M&MFIN"""
"""Maan Aluminium Limited""","""MAANALU"""
"""Madhav Marbles and Granites Limited""","""MADHAV"""
"""Madhucon Projects Limited""","""MADHUCON"""
"""Madras Fertilizers Limited""","""MADRASFERT"""
"""Magma Fincorp Limited""","""MAGMA"""
"""Magnum Ventures Limited""","""MAGNUM"""
"""Bank of Maharashtra""","""MAHABANK"""
"""Mahamaya Steel Industries Limited""","""MAHASTEEL"""
"""Mahindra CIE Automotive Limited""","""MAHINDCIE"""
"""Mahindra Lifespace Developers Limited""","""MAHLIFE"""
"""Maharashtra Scooters Limited""","""MAHSCOOTER"""
"""Maharashtra Seamless Limited""","""MAHSEAMLES"""
"""Maithan Alloys Limited""","""MAITHANALL"""
"""Majesco Limited""","""MAJESCO"""
"""Malu Paper Mills Limited""","""MALUPAPER"""
"""Malwa Cotton Spg. Mills Limited""","""MALWACOTT"""
"""Manaksia Aluminium Company Limited""","""MANAKALUCO"""
"""Manaksia Coated Metals & Industries Limited""","""MANAKCOAT"""
"""Manaksia Industries Limited""","""MANAKINDST"""
"""Manaksia Limited""","""MANAKSIA"""
"""Manaksia Steels Limited""","""MANAKSTEEL"""
"""Manali Petrochemicals Limited""","""MANALIPETC"""
"""Manappuram Finance Limited""","""MANAPPURAM"""
"""Mandhana Industries Limited""","""MANDHANA"""
"""Mangalam Drugs And Organics Limited""","""MANGALAM"""
"""Mangalore Chemicals & Fertilizers Limited""","""MANGCHEFER"""
"""Mangalam Cement Limited""","""MANGLMCEM"""
"""Mangalam Timber Products Limited""","""MANGTIMBER"""
"""Man Industries (India) Limited""","""MANINDS"""
"""Man Infraconstruction Limited""","""MANINFRA"""
"""Manpasand Beverages Limited""","""MANPASAND"""
"""Manugraph India Limited""","""MANUGRAPH"""
"""Maral Overseas Limited""","""MARALOVER"""
"""Marathon Nextgen Realty Limited""","""MARATHON"""
"""Marico Limited""","""MARICO"""
"""Marksans Pharma Limited""","""MARKSANS"""
"""Maruti Suzuki India Limited""","""MARUTI"""
"""Mask Investments Limited""","""MASKINVEST"""
"""Mastek Limited""","""MASTEK"""
"""Mawana Sugars Limited""","""MAWANASUG"""
"""Max India Limited""","""MAXINDIA"""
"""Max Ventures and Industries Limited""","""MAXVIL"""
"""Mayur Uniquoters Ltd""","""MAYURUNIQ"""
"""Mazda Limited""","""MAZDA"""
"""Mcnally Bharat Engineering Company Limited""","""MBECL"""
"""MBL Infrastructures Limited""","""MBLINFRA"""
"""McDowell Holdings Limited""","""MCDHOLDING"""
"""United Spirits Limited""","""MCDOWELL-N"""
"""Mcleod Russel India Limited""","""MCLEODRUSS"""
"""Multi Commodity Exchange of India Limited""","""MCX"""
"""Megasoft Limited""","""MEGASOFT"""
"""Meghmani Organics Limited""","""MEGH"""
"""Melstar Information Technologies Limited""","""MELSTAR"""
"""Menon Bearings Limited""","""MENONBE"""
"""MEP Infrastructure Developers Limited""","""MEP"""
"""Mercator Limited""","""MERCATOR"""
"""Merck Limited""","""MERCK"""
"""Metalyst Forgings Limited""","""METALFORGE"""
"""Metkore Alloys & Industries Limited""","""METKORE"""
"""Max Financial Services Limited""","""MFSL"""
"""Mahanagar Gas Limited""","""MGL"""
"""Mahindra Holidays & Resorts India Limited""","""MHRIL"""
"""MIC Electronics Limited""","""MIC"""
"""Minda Corporation Limited""","""MINDACORP"""
"""Minda Industries Limited""","""MINDAIND"""
"""Mindteck (India) Limited""","""MINDTECK"""
"""MindTree Limited""","""MINDTREE"""
"""MIRC Electronics Limited""","""MIRCELECTR"""
"""Mirza International Limited""","""MIRZAINT"""
"""MM Forgings Limited""","""MMFL"""
"""MMTC Limited""","""MMTC"""
"""Mohit Industries Limited""","""MOHITIND"""
"""MOIL Limited""","""MOIL"""
"""Mold-Tek Technologies Limited""","""MOLDTECH"""
"""Mold-Tek Packaging Limited""","""MOLDTKPAC"""
"""Monnet Ispat and Energy Limited""","""MONNETISPA"""
"""Monsanto India Limited""","""MONSANTO"""
"""Monte Carlo Fashions Limited""","""MONTECARLO"""
"""Morarjee Textiles Limited""","""MORARJEE"""
"""Morepen Laboratories Limited""","""MOREPENLAB"""
"""Moser-Baer (I) Limited""","""MOSERBAER"""
"""Motherson Sumi Systems Limited""","""MOTHERSUMI"""
"""Motilal Oswal Financial Services Limited""","""MOTILALOFS"""
"""The Motor & General Finance Limited""","""MOTOGENFIN"""
"""MphasiS Limited""","""MPHASIS"""
"""MPS Limited""","""MPSLTD"""
"""MRF Limited""","""MRF"""
"""MRO-TEK Realty Limited""","""MRO-TEK"""
"""Mangalore Refinery and Petrochemicals Limited""","""MRPL"""
"""MSP Steel & Power Limited""","""MSPL"""
"""MT Educare Limited""","""MTEDUCARE"""
"""Mahanagar Telephone Nigam Limited""","""MTNL"""
"""Mukand Engineers Limited""","""MUKANDENGG"""
"""Mukand Limited""","""MUKANDLTD"""
"""Mukta Arts Limited""","""MUKTAARTS"""
"""Munjal Auto Industries Limited""","""MUNJALAU"""
"""Munjal Showa Limited""","""MUNJALSHOW"""
"""Murudeshwar Ceramics Limited""","""MURUDCERA"""
"""Muthoot Capital Services Limited""","""MUTHOOTCAP"""
"""Muthoot Finance Limited""","""MUTHOOTFIN"""
"""MVL Limited""","""MVL"""
"""Nagarjuna Agrichem Limited""","""NAGAAGRI"""
"""Nagarjuna Fertilizers and Chemicals Limited""","""NAGAFERT"""
"""Nagarjuna Oil Refinery Limited""","""NAGAROIL"""
"""Nagreeka Capital & Infrastructure Limited""","""NAGREEKCAP"""
"""Nagreeka Exports Limited""","""NAGREEKEXP"""
"""Nahar Capital and Financial Services Limited""","""NAHARCAP"""
"""Nahar Industrial Enterprises Limited""","""NAHARINDUS"""
"""Nahar Poly Films Limited""","""NAHARPOLY"""
"""Nahar Spinning Mills Limited""","""NAHARSPING"""
"""Nakoda Limited""","""NAKODA"""
"""Natco Pharma Limited""","""NATCOPHARM"""
"""Nath Bio-Genes (India) Limited""","""NATHBIOGEN"""
"""National Aluminium Company Limited""","""NATIONALUM"""
"""National Steel And Agro Industries Limited""","""NATNLSTEEL"""
"""Info Edge (India) Limited""","""NAUKRI"""
"""Navin Fluorine International Limited""","""NAVINFLUOR"""
"""Navkar Corporation Limited""","""NAVKARCORP"""
"""Navneet Education Limited""","""NAVNETEDUL"""
"""NBCC (India) Limited""","""NBCC"""
"""N. B. I. Industrial Finance Company Limited""","""NBIFIN"""
"""Nava Bharat Ventures Limited""","""NBVENTURES"""
"""NCC Limited""","""NCC"""
"""NCL Industries Limited""","""NCLIND"""
"""Naga Dhunseri Group Limited""","""NDGL"""
"""Nandan Denim Limited""","""NDL"""
"""New Delhi Television Limited""","""NDTV"""
"""North Eastern Carrying Corporation Limited""","""NECCLTD"""
"""Nectar Lifesciences Limited""","""NECLIFE"""
"""Nelcast Limited""","""NELCAST"""
"""NELCO Limited""","""NELCO"""
"""Nesco Limited""","""NESCO"""
"""Nestle India Limited""","""NESTLEIND"""
"""Net 4 India Limited""","""NET4"""
"""Net 4 India Limited""","""NET4"""
"""Network18 Media & Investments Limited""","""NETWORK18"""
"""Neuland Laboratories Limited""","""NEULANDLAB"""
"""Next Mediaworks Limited""","""NEXTMEDIA"""
"""National Fertilizers Limited""","""NFL"""
"""Narayana Hrudayalaya Ltd.""","""NH"""
"""NHPC Limited""","""NHPC"""
"""NRB Industrial Bearings Limited""","""NIBL"""
"""Nicco Corporation Limited""","""NICCO"""
"""NIIT Limited""","""NIITLTD"""
"""NIIT Technologies Limited""","""NIITTECH"""
"""Nila Infrastructures Limited""","""NILAINFRA"""
"""Nilkamal Limited""","""NILKAMAL"""
"""Indo-National Limited""","""NIPPOBATRY"""
"""Niraj Ispat Industries Limited""","""NIRAJISPAT"""
"""Nitco Limited""","""NITCO"""
"""Nitesh Estates Limited""","""NITESHEST"""
"""Nitin Fire Protection Industries Limited""","""NITINFIRE"""
"""Nitin Spinners Limited""","""NITINSPIN"""
"""NK Industries Limited""","""NKIND"""
"""NLC India Limited""","""NLCINDIA"""
"""NMDC Limited""","""NMDC"""
"""NOCIL Limited""","""NOCIL"""
"""Noesis Industries Limited""","""NOESISIND"""
"""Noida Toll Bridge Company Limited""","""NOIDATOLL"""
"""Norben Tea & Exports Limited""","""NORBTEAEXP"""
"""N R Agarwal Industries Limited""","""NRAIL"""
"""NRB Bearing Limited""","""NRBBEARING"""
"""Nalwa Sons Investments Limited""","""NSIL"""
"""Neueon Towers Limited""","""NTL"""
"""NTPC Limited""","""NTPC"""
"""Nucleus Software Exports Limited""","""NUCLEUS"""
"""Nu Tek India Limited""","""NUTEK"""
"""Oberoi Realty Limited""","""OBEROIRLTY"""
"""Oriental Carbon & Chemicals Limited""","""OCCL"""
"""OCL India Limited""","""OCL"""
"""Oracle Financial Services Software Limited""","""OFSS"""
"""Oil India Limited""","""OIL"""
"""Oil Country Tubular Limited""","""OILCOUNTUB"""
"""OCL Iron and Steel Limited""","""OISL"""
"""Omax Autos Limited""","""OMAXAUTO"""
"""Omaxe Limited""","""OMAXE"""
"""Omkar Speciality Chemicals Limited""","""OMKARCHEM"""
"""OM Metals Infraprojects Limited""","""OMMETALS"""
"""Onelife Capital Advisors Limited""","""ONELIFECAP"""
"""Oil & Natural Gas Corporation Limited""","""ONGC"""
"""OnMobile Global Limited""","""ONMOBILE"""
"""Onward Technologies Limited""","""ONWARDTEC"""
"""Opto Circuits (India) Limited""","""OPTOCIRCUI"""
"""Orbit Corporation Limited""","""ORBITCORP"""
"""Orbit Exports Limited""","""ORBTEXP"""
"""Orchid Pharma Limited""","""ORCHIDPHAR"""
"""Oricon Enterprises Limited""","""ORICONENT"""
"""Orient Abrasives Limited""","""ORIENTABRA"""
"""Oriental Trimex Limited""","""ORIENTALTL"""
"""Oriental Bank of Commerce""","""ORIENTBANK"""
"""Orient Bell Limited""","""ORIENTBELL"""
"""Orient Cement Limited""","""ORIENTCEM"""
"""Oriental Hotels Limited""","""ORIENTHOT"""
"""Orient Press Limited""","""ORIENTLTD"""
"""Orient Paper & Industries Limited""","""ORIENTPPR"""
"""Orient Refractories Limited""","""ORIENTREF"""
"""The Orissa Minerals Development Company Limited""","""ORISSAMINE"""
"""Ortel Communications Limited""","""ORTEL"""
"""Ortin Laboratories Limited""","""ORTINLABSS"""
"""PAE Limited""","""PAEL"""
"""Page Industries Limited""","""PAGEIND"""
"""Palred Technologies Limited""","""PALREDTEC"""
"""Panacea Biotec Limited""","""PANACEABIO"""
"""Panama Petrochem Limited""","""PANAMAPET"""
"""Panoramic Universal Limited""","""PANORAMUNI"""
"""Huhtamaki PPL Limited""","""PAPERPROD"""
"""Parabolic Drugs Limited""","""PARABDRUGS"""
"""Paramount Communications Limited""","""PARACABLES"""
"""Parag Milk Foods Limited""","""PARAGMILK"""
"""Parag Milk Foods Limited""","""PARAGMILK"""
"""Parsvnath Developers Limited""","""PARSVNATH"""
"""Patel Engineering Limited""","""PATELENG"""
"""Patel Integrated Logistics Limited""","""PATINTLOG"""
"""Patspin India Limited""","""PATSPINLTD"""
"""PBA Infrastructure Limited""","""PBAINFRA"""
"""PC Jeweller Limited""","""PCJEWELLER"""
"""Pudumjee Paper Products Limited""","""PDMJEPAPER"""
"""Parenteral Drugs (India) Limited""","""PDPL"""
"""PDS Multinational Fashions Limited""","""PDSMFL"""
"""Pudumjee Industries Limited""","""PDUMJEIND"""
"""Pudumjee Pulp & Paper Mills Limited""","""PDUMJEPULP"""
"""Pearl Polymers Limited""","""PEARLPOLY"""
"""Piramal Enterprises Limited""","""PEL"""
"""Pennar Industries Limited""","""PENIND"""
"""Peninsula Land Limited""","""PENINLAND"""
"""Pennar Engineered Building Systems Limited""","""PENPEBS"""
"""Persistent Systems Limited""","""PERSISTENT"""
"""Petron Engineering Construction Limited""","""PETRONENGG"""
"""Petronet LNG Limited""","""PETRONET"""
"""Power Finance Corporation Limited""","""PFC"""
"""Pfizer Limited""","""PFIZER"""
"""Prime Focus Limited""","""PFOCUS"""
"""PTC India Financial Services Limited""","""PFS"""
"""PG Electroplast Limited""","""PGEL"""
"""Procter & Gamble Hygiene and Health Care Limited""","""PGHH"""
"""Pearl Global Industries Limited""","""PGIL"""
"""Phillips Carbon Black Limited""","""PHILIPCARB"""
"""Phoenix Lamps Limited""","""PHOENIXLL"""
"""The Phoenix Mills Limited""","""PHOENIXLTD"""
"""Pidilite Industries Limited""","""PIDILITIND"""
"""PI Industries Limited""","""PIIND"""
"""Pilani Investment and Industries Corporation Limited""","""PILANIINVS"""
"""PIL ITALICA LIFESTYLE LIMITED""","""PILITA"""
"""Pincon Spirit Limited""","""PINCON"""
"""Pioneer Distilleries Limited""","""PIONDIST"""
"""Pioneer Embroideries Limited""","""PIONEEREMB"""
"""Piramal Phytocare Limited""","""PIRPHYTO"""
"""Pitti Laminations Limited""","""PITTILAM"""
"""The Peria Karamalai Tea & Produce Company Limited""","""PKTEA"""
"""Plastiblends India Limited""","""PLASTIBLEN"""
"""Punjab National Bank""","""PNB"""
"""PNB Gilts Limited""","""PNBGILTS"""
"""PNB Housing Finance Limited""","""PNBHOUSING"""
"""Pritish Nandy Communications Limited""","""PNC"""
"""PNC Infratech Limited""","""PNCINFRA"""
"""Pochiraju Industries Limited""","""POCHIRAJU"""
"""Poddar Housing and Development Limited""","""PODDARHOUS"""
"""Poddar Pigments Limited""","""PODDARMENT"""
"""Pokarna Limited""","""POKARNA"""
"""POLARIS CONSULTING & SERVICES LIMITED""","""POLARIS"""
"""Poly Medicure Limited""","""POLYMED"""
"""Polyplex Corporation Limited""","""POLYPLEX"""
"""Ponni Sugars (Erode) Limited""","""PONNIERODE"""
"""Power Grid Corporation of India Limited""","""POWERGRID"""
"""Power Mech Projects Limited""","""POWERMECH"""
"""PPAP Automotive Limited""","""PPAP"""
"""Prabhat Dairy Limited""","""PRABHAT"""
"""Pradip Overseas Limited""","""PRADIP"""
"""Prajay Engineers Syndicate Limited""","""PRAENG"""
"""Praj Industries Limited""","""PRAJIND"""
"""Prakash Industries Limited""","""PRAKASH"""
"""Prakash Constrowell Limited""","""PRAKASHCON"""
"""Prakash Steelage Limited""","""PRAKASHSTL"""
"""Pratibha Industries Limited""","""PRATIBHA"""
"""Precision Camshafts Limited""","""PRECAM"""
"""Precot Meridian Limited""","""PRECOT"""
"""Precision Wires India Limited""","""PRECWIRE"""
"""Premier Explosives Limited""","""PREMEXPLN"""
"""Premier Limited""","""PREMIER"""
"""Premier Polyfilm Limited""","""PREMIERPOL"""
"""Pressman Advertising Limited""","""PRESSMN"""
"""Prestige Estates Projects Limited""","""PRESTIGE"""
"""Pricol Limited""","""PRICOLLTD"""
"""Prime Securities Limited""","""PRIMESECU"""
"""Prism Cement Limited""","""PRISMCEM"""
"""Provogue (India) Limited""","""PROVOGE"""
"""Prozone Intu Properties Limited""","""PROZONINTU"""
"""Punjab & Sind Bank""","""PSB"""
"""PSL Limited""","""PSL"""
"""PSP Projects Limited""","""PSPPROJECT"""
"""PTC India Limited""","""PTC"""
"""PTL Enterprises Limited""","""PTL"""
"""Punjab Chemicals & Crop Protection Limited""","""PUNJABCHEM"""
"""Punj Lloyd Limited""","""PUNJLLOYD"""
"""Puravankara Limited""","""PURVA"""
"""PVP Ventures Limited""","""PVP"""
"""PVR Limited""","""PVR"""
"""Quess Corp Limited""","""QUESS"""
"""Quick Heal Technologies Limited""","""QUICKHEAL"""
"""Quintegra Solutions Limited""","""QUINTEGRA"""
"""Radaan Mediaworks India Limited""","""RADAAN"""
"""Radico Khaitan Limited""","""RADICO"""
"""Music Broadcast Limited""","""RADIOCITY"""
"""Rain Industries Limited""","""RAIN"""
"""Rainbow Papers Limited""","""RAINBOWPAP"""
"""Raisaheb Reckhchand Mohota Spinning & Weaving Mills Limited""","""RAIREKMOH"""
"""Rajesh Exports Limited""","""RAJESHEXPO"""
"""Raj Oil Mills Limited""","""RAJOIL"""
"""Raj Rayon Industries Limited""","""RAJRAYON"""
"""Rajshree Sugars & Chemicals Limited""","""RAJSREESUG"""
"""Raj Television Network Limited""","""RAJTV"""
"""Rajvir Industries Limited""","""RAJVIR"""
"""Rallis India Limited""","""RALLIS"""
"""Shree Rama Newsprint Limited""","""RAMANEWS"""
"""Rama Steel Tubes Limited""","""RAMASTEEL"""
"""The Ramco Cements Limited""","""RAMCOCEM"""
"""Ramco Industries Limited""","""RAMCOIND"""
"""Ramco Systems Limited""","""RAMCOSYS"""
"""Ramky Infrastructure Limited""","""RAMKY"""
"""Ramsarup Industries Limited""","""RAMSARUP"""
"""Rana Sugars Limited""","""RANASUG"""
"""Rane Engine Valve Limited""","""RANEENGINE"""
"""Rane Holdings Limited""","""RANEHOLDIN"""
"""Rasoya Proteins Limited""","""RASOYPR"""
"""Ratnamani Metals & Tubes Limited""","""RATNAMANI"""
"""Raymond Limited""","""RAYMOND"""
"""Rane Brake Lining Limited""","""RBL"""
"""RBL Bank Limited""","""RBLBANK"""
"""Rashtriya Chemicals and Fertilizers Limited""","""RCF"""
"""Reliance Communications Limited""","""RCOM"""
"""Reliance Defence and Engineering Limited""","""RDEL"""
"""Rural Electrification Corporation Limited""","""RECLTD"""
"""Redington (India) Limited""","""REDINGTON"""
"""Refex Industries Limited""","""REFEX"""
"""Regency Ceramics Limited""","""REGENCERAM"""
"""Rei Agro Limited""","""REIAGROLTD"""
"""Relaxo Footwears Limited""","""RELAXO"""
"""Reliance Capital Limited""","""RELCAPITAL"""
"""Reliance Industries Limited""","""RELIANCE"""
"""Religare Enterprises Limited""","""RELIGARE"""
"""Reliance Infrastructure Limited""","""RELINFRA"""
"""Remsons Industries Limited""","""REMSONSIND"""
"""Shree Renuka Sugars Limited""","""RENUKA"""
"""Repco Home Finance Limited""","""REPCOHOME"""
"""Repro India Limited""","""REPRO"""
"""Responsive Industries Limited""","""RESPONIND"""
"""Revathi Equipment Limited""","""REVATHI"""
"""Rico Auto Industries Limited""","""RICOAUTO"""
"""Reliance Industrial Infrastructure Limited""","""RIIL"""
"""Renaissance Jewellery Limited""","""RJL"""
"""Ravi Kumar Distilleries Limited""","""RKDL"""
"""Ramkrishna Forgings Limited""","""RKFORGE"""
"""Radha Madhav Corporation Limited""","""RMCL"""
"""Rane (Madras) Limited""","""RML"""
"""Rohit Ferro-Tech Limited""","""ROHITFERRO"""
"""Royal Orchid Hotels Limited""","""ROHLTD"""
"""Rollatainers Limited""","""ROLLT"""
"""Rolta India Limited""","""ROLTA"""
"""Rossell India Limited""","""ROSSELLIND"""
"""RPG Life Sciences Limited""","""RPGLIFE"""
"""Reliance Power Limited""","""RPOWER"""
"""R.P.P. Infra Projects Limited""","""RPPINFRA"""
"""R. S. Software (India) Limited""","""RSSOFTWARE"""
"""RSWM Limited""","""RSWM"""
"""R Systems International Limited""","""RSYSTEMS"""
"""RattanIndia Infrastructure Limited""","""RTNINFRA"""
"""RattanIndia Power Limited""","""RTNPOWER"""
"""The Ruby Mills Limited""","""RUBYMILLS"""
"""Ruchi Infrastructure Limited""","""RUCHINFRA"""
"""Ruchira Papers Limited""","""RUCHIRA"""
"""Ruchi Soya Industries Limited""","""RUCHISOYA"""
"""Rupa & Company Limited""","""RUPA"""
"""Rushil Decor Limited""","""RUSHIL"""
"""Sab Events & Governance Now Media Limited""","""SABEVENTS"""
"""Sri Adhikari Brothers Television Network Limited""","""SABTN"""
"""Sadbhav Engineering Limited""","""SADBHAV"""
"""Sadbhav Infrastructure Project Limited""","""SADBHIN"""
"""Sagar Cements Limited""","""SAGCEM"""
"""Steel Authority of India Limited""","""SAIL"""
"""Sakthi Sugars Limited""","""SAKHTISUG"""
"""Saksoft Limited""","""SAKSOFT"""
"""Sakuma Exports Limited""","""SAKUMA"""
"""Salona Cotspin Limited""","""SALONA"""
"""Salora International Limited""","""SALORAINTL"""
"""S.A.L. Steel Limited""","""SALSTEEL"""
"""Salzer Electronics Limited""","""SALZERELEC"""
"""Sambhaav Media Limited""","""SAMBHAAV"""
"""Samtel Color Limited""","""SAMTEL"""
"""Sanco Industries Limited""","""SANCO"""
"""The Sandesh Limited""","""SANDESH"""
"""Sangam (India) Limited""","""SANGAMIND"""
"""Sanghi Industries Limited""","""SANGHIIND"""
"""Sanghvi Forging and Engineering Limited""","""SANGHVIFOR"""
"""Sanghvi Movers Limited""","""SANGHVIMOV"""
"""Sanofi India Limited""","""SANOFI"""
"""Sanwaria Agro Oils Limited""","""SANWARIA"""
"""Sarda Energy & Minerals Limited""","""SARDAEN"""
"""Saregama India Limited""","""SAREGAMA"""
"""Sarla Performance Fibers Limited""","""SARLAPOLY"""
"""Sasken Technologies Limited""","""SASKEN"""
"""Sastasundar Ventures Limited""","""SASTASUNDR"""
"""Sathavahana Ispat Limited""","""SATHAISPAT"""
"""Satin Creditcare Network Limited""","""SATIN"""
"""State Bank of India""","""SBIN"""
"""S Chand And Company Limited""","""SCHAND"""
"""Schneider Electric Infrastructure Limited""","""SCHNEIDER"""
"""Shipping Corporation Of India Limited""","""SCI"""
"""Som Distilleries & Breweries Limited""","""SDBL"""
"""Seamec Limited""","""SEAMECLTD"""
"""S.E. Investments Limited""","""SEINV"""
"""Selan Exploration Technology Limited""","""SELAN"""
"""SEL Manufacturing Company Limited""","""SELMCL"""
"""S.E. Power Limited""","""SEPOWER"""
"""Sequent Scientific Limited""","""SEQUENT"""
"""Servalakshmi Paper Limited""","""SERVALL"""
"""Seshasayee Paper and Boards Limited""","""SESHAPAPER"""
"""Setco Automotive Limited""","""SETCO"""
"""Sezal Glass Limited""","""SEZAL"""
"""Sheela Foam Limited""","""SFL"""
"""Shree Ganesh Forgings Limited""","""SGFL"""
"""STL Global Limited""","""SGL"""
"""Shah Alloys Limited""","""SHAHALLOYS"""
"""Shakti Pumps (India) Limited""","""SHAKTIPUMP"""
"""Shalimar Paints Limited""","""SHALPAINTS"""
"""Shankara Building Products Limited""","""SHANKARA"""
"""Shanthi Gears Limited""","""SHANTIGEAR"""
"""Sharda Cropchem Limited""","""SHARDACROP"""
"""Sharda Motor Industries Limited""","""SHARDAMOTR"""
"""Sharon Bio-Medicine Limited""","""SHARONBIO"""
"""Shemaroo Entertainment Limited""","""SHEMAROO"""
"""Shilpa Medicare Limited""","""SHILPAMED"""
"""Shilpi Cable Technologies Limited""","""SHILPI"""
"""Shirpur Gold Refinery Limited""","""SHIRPUR-G"""
"""Shivam Autotech Limited""","""SHIVAMAUTO"""
"""Shiva Texyarn Limited""","""SHIVTEX"""
"""S H Kelkar and Company Limited""","""SHK"""
"""Shoppers Stop Limited""","""SHOPERSTOP"""
"""Shree Cements Limited""","""SHREECEM"""
"""Shree Pushkar Chemicals & Fertilisers Limited""","""SHREEPUSHK"""
"""Shree Rama Multi-Tech Limited""","""SHREERAMA"""
"""Shreyans Industries Limited""","""SHREYANIND"""
"""Shreyas Shipping & Logistics Limited""","""SHREYAS"""
"""Shriram Pistons & Rings Limited""","""SHRIPISTON"""
"""Shriram City Union Finance Limited""","""SHRIRAMCIT"""
"""Shriram EPC Limited""","""SHRIRAMEPC"""
"""Shyam Century Ferrous Limited""","""SHYAMCENT"""
"""Sicagen India Limited""","""SICAGEN"""
"""Sical Logistics Limited""","""SICAL"""
"""Siemens Limited""","""SIEMENS"""
"""Signet Industries Limited""","""SIGNET"""
"""Standard Industries Limited""","""SIL"""
"""SIL Investments Limited""","""SILINV"""
"""Simbhaoli Sugars Limited""","""SIMBHALS"""
"""Simplex Projects Limited""","""SIMPLEX"""
"""Simplex Infrastructures Limited""","""SIMPLEXINF"""
"""Sintex Industries Limited""","""SINTEX"""
"""Sita Shree Food Products Limited""","""SITASHREE"""
"""Siti Networks Limited""","""SITINET"""
"""Siyaram Silk Mills Limited""","""SIYSIL"""
"""SJVN Limited""","""SJVN"""
"""SKF India Limited""","""SKFINDIA"""
"""SKIL Infrastructure Limited""","""SKIL"""
"""Skipper Limited""","""SKIPPER"""
"""SKM Egg Products Export (India) Limited""","""SKMEGGPROD"""
"""Smartlink Network Systems Limited""","""SMARTLINK"""
"""SML Isuzu Limited""","""SMLISUZU"""
"""Splendid Metal Products Limited""","""SMPL"""
"""SMS Pharmaceuticals Limited""","""SMSPHARMA"""
"""Snowman Logistics Limited""","""SNOWMAN"""
"""Sobha Limited""","""SOBHA"""
"""Software Technology Group International Limited""","""SOFTTECHGR"""
"""Solar Industries India Limited""","""SOLARINDS"""
"""Somany Ceramics Limited""","""SOMANYCERA"""
"""Soma Textiles & Industries Limited""","""SOMATEX"""
"""Somi Conveyor Beltings Limited""","""SOMICONVEY"""
"""Sona Koyo Steering Systems Limited""","""SONASTEER"""
"""Sonata Software Limited""","""SONATSOFTW"""
"""SORIL Holdings and Ventures Limited""","""SORILHOLD"""
"""SORIL Infra Resources Limited""","""SORILINFRA"""
"""Savita Oil Technologies Limited""","""SOTL"""
"""The South Indian Bank Limited""","""SOUTHBANK"""
"""S. P. Apparels Limited""","""SPAL"""
"""Sun Pharma Advanced Research Company Limited""","""SPARC"""
"""Spacenet Enterprises India Limited""","""SPCENET"""
"""Speciality Restaurants Limited""","""SPECIALITY"""
"""Spentex Industries Limited""","""SPENTEX"""
"""Sphere Global Services Limited""","""SPHEREGSL"""
"""Southern Petrochemicals Industries Corporation  Limited""","""SPIC"""
"""Spice Mobility Limited""","""SPICEMOBI"""
"""SPL Industries Limited""","""SPLIL"""
"""SPML Infra Limited""","""SPMLINFRA"""
"""Shekhawati Poly-Yarn Limited""","""SPYL"""
"""SQS India BFSI Limited""","""SQSBFSI"""
"""Sreeleathers Limited""","""SREEL"""
"""SREI Infrastructure Finance Limited""","""SREINFRA"""
"""SRF Limited""","""SRF"""
"""Sree Rayalaseema Hi-Strength Hypo Limited""","""SRHHYPOLTD"""
"""Srikalahasthi Pipes Limited""","""SRIPIPES"""
"""SRS Limited""","""SRSLTD"""
"""Shriram Transport Finance Company Limited""","""SRTRANSFIN"""
"""Steel Strips Wheels Limited""","""SSWL"""
"""Stampede Capital Limited""","""STAMPEDE"""
"""Strides Shasun Limited""","""STAR"""
"""Star Cement Limited""","""STARCEMENT"""
"""Star Paper Mills Limited""","""STARPAPER"""
"""The State Trading Corporation of India Limited""","""STCINDIA"""
"""Stel Holdings Limited""","""STEL"""
"""Sterling Biotech Limited""","""STERLINBIO"""
"""Sterling Tools Limited""","""STERTOOLS"""
"""STI India Limited""","""STINDIA"""
"""Sterlite Technologies Limited""","""STRTECH"""
"""Subex Limited""","""SUBEX"""
"""Subros Limited""","""SUBROS"""
"""Sudarshan Chemical Industries Limited""","""SUDARSCHEM"""
"""Sujana Universal Industries Limited""","""SUJANAUNI"""
"""Sumeet Industries Limited""","""SUMEETINDS"""
"""Summit Securities Limited""","""SUMMITSEC"""
"""Sundaram Clayton Limited""","""SUNCLAYLTD"""
"""Sundaram Multi Pap Limited""","""SUNDARAM"""
"""Sundaram Finance Limited""","""SUNDARMFIN"""
"""Sundaram Brake Linings Limited""","""SUNDRMBRAK"""
"""Sundram Fasteners Limited""","""SUNDRMFAST"""
"""Sunflag Iron And Steel Company Limited""","""SUNFLAG"""
"""Sunil Hitech Engineers Limited""","""SUNILHITEC"""
"""Sun Pharmaceutical Industries Limited""","""SUNPHARMA"""
"""Sunteck Realty Limited""","""SUNTECK"""
"""Sun TV Network Limited""","""SUNTV"""
"""Superhouse Limited""","""SUPERHOUSE"""
"""Super Spinning Mills Limited""","""SUPERSPIN"""
"""Supreme Petrochem Limited""","""SUPPETRO"""
"""Suprajit Engineering Limited""","""SUPRAJIT"""
"""Supreme Industries Limited""","""SUPREMEIND"""
"""Supreme Infrastructure India Limited""","""SUPREMEINF"""
"""Supreme Tex Mart Limited""","""SUPREMETEX"""
"""Surana Corporation Limited""","""SURANACORP"""
"""Surana Industries Limited""","""SURANAIND"""
"""Surana Solar Limited""","""SURANASOL"""
"""Surana Telecom and Power Limited""","""SURANAT&P"""
"""Suryalakshmi Cotton Mills Limited""","""SURYALAXMI"""
"""Surya Roshni Limited""","""SURYAROSNI"""
"""Sutlej Textiles and Industries Limited""","""SUTLEJTEX"""
"""Suven Life Sciences Limited""","""SUVEN"""
"""Suzlon Energy Limited""","""SUZLON"""
"""Swan Energy Limited""","""SWANENERGY"""
"""Swaraj Engines Limited""","""SWARAJENG"""
"""Swelect Energy Systems Limited""","""SWELECTES"""
"""Symphony Limited""","""SYMPHONY"""
"""Syncom Healthcare Limited""","""SYNCOM"""
"""Syndicate Bank""","""SYNDIBANK"""
"""Syngene International Limited""","""SYNGENE"""
"""Tainwala Chemical and Plastic (I) Limited""","""TAINWALCHM"""
"""Taj GVK Hotels & Resorts Limited""","""TAJGVK"""
"""Take Solutions Limited""","""TAKE"""
"""Talbros Automotive Components Limited""","""TALBROAUTO"""
"""Talwalkars Better Value Fitness Limited""","""TALWALKARS"""
"""Tanla Solutions Limited""","""TANLA"""
"""Tantia Constructions Limited""","""TANTIACONS"""
"""Tara Jewels Limited""","""TARAJEWELS"""
"""Tarapur Transformers Limited""","""TARAPUR"""
"""Tarmat Limited""","""TARMAT"""
"""Tasty Bite Eatables Limited""","""TASTYBITE"""
"""Tata Chemicals Limited""","""TATACHEM"""
"""Tata Chemicals Limited""","""TATACHEM"""
"""Tata Coffee Limited""","""TATACOFFEE"""
"""Tata Communications Limited""","""TATACOMM"""
"""Tata Elxsi Limited""","""TATAELXSI"""
"""Tata Global Beverages Limited""","""TATAGLOBAL"""
"""Tata Investment Corporation Limited""","""TATAINVEST"""
"""Tata Metaliks Limited""","""TATAMETALI"""
"""Tata Motors Limited""","""TATAMOTORS"""
"""Tata Motors Limited""","""TATAMTRDVR"""
"""Tata Power Company Limited""","""TATAPOWER"""
"""Tata Sponge Iron Limited""","""TATASPONGE"""
"""Tata Steel Limited""","""TATASTEEL"""
"""Tribhovandas Bhimji Zaveri Limited""","""TBZ"""
"""Transport Corporation of India Limited""","""TCI"""
"""TCI Developers Limited""","""TCIDEVELOP"""
"""TCI Express Limited""","""TCIEXP"""
"""TCI Finance Limited""","""TCIFINANCE"""
"""Tata Consultancy Services Limited""","""TCS"""
"""TD Power Systems Limited""","""TDPOWERSYS"""
"""Teamlease Services Limited""","""TEAMLEASE"""
"""Techindia Nirman Limited""","""TECHIN"""
"""Tech Mahindra Limited""","""TECHM"""
"""Techno Electric & Engineering Company Limited""","""TECHNO"""
"""Technofab Engineering Limited""","""TECHNOFAB"""
"""Tejas Networks Limited""","""TEJASNET"""
"""Tera Software Limited""","""TERASOFT"""
"""Texmaco Infrastructure & Holdings Limited""","""TEXINFRA"""
"""Texmo Pipes and Products Limited""","""TEXMOPIPES"""
"""Texmaco Rail & Engineering Limited""","""TEXRAIL"""
"""Tourism Finance Corporation of India Limited""","""TFCILTD"""
"""Transwarranty Finance Limited""","""TFL"""
"""TGB Banquets And Hotels Limited""","""TGBHOTELS"""
"""Thangamayil Jewellery Limited""","""THANGAMAYL"""
"""Themis Medicare Limited""","""THEMISMED"""
"""Thermax Limited""","""THERMAX"""
"""Thiru Arooran Sugars Limited""","""THIRUSUGAR"""
"""Thomas Cook  (India)  Limited""","""THOMASCOOK"""
"""Thomas Scott (India) Limited""","""THOMASCOTT"""
"""Thyrocare Technologies Limited""","""THYROCARE"""
"""Tilaknagar Industries Limited""","""TI"""
"""Tide Water Oil Company (India) Limited""","""TIDEWATER"""
"""Technocraft Industries (India) Limited""","""TIIL"""
"""Tijaria Polypipes Limited""","""TIJARIA"""
"""TIL Limited""","""TIL"""
"""Times Guaranty Limited""","""TIMESGTY"""
"""Time Technoplast Limited""","""TIMETECHNO"""
"""Timken India Limited""","""TIMKEN"""
"""The Tinplate Company of India Limited""","""TINPLATE"""
"""TIPS Industries Limited""","""TIPSINDLTD"""
"""Thirumalai Chemicals Limited""","""TIRUMALCHM"""
"""Titan Company Limited""","""TITAN"""
"""The Mandhana Retail Ventures Limited""","""TMRVL"""
"""Tamilnadu PetroProducts Limited""","""TNPETRO"""
"""Tamil Nadu Newsprint & Papers Limited""","""TNPL"""
"""Tamilnadu Telecommunication Limited""","""TNTELE"""
"""Todays Writing Instruments Limited""","""TODAYS"""
"""Tokyo Plast International Limited""","""TOKYOPLAST"""
"""Torrent Pharmaceuticals Limited""","""TORNTPHARM"""
"""Torrent Power Limited""","""TORNTPOWER"""
"""TPL Plastech Limited""","""TPLPLASTEH"""
"""Tree House Education & Accessories Limited""","""TREEHOUSE"""
"""Trent Limited""","""TRENT"""
"""Trent Limited""","""TRENT"""
"""TRF Limited""","""TRF"""
"""Trident Limited""","""TRIDENT"""
"""Trigyn Technologies Limited""","""TRIGYN"""
"""Transformers And Rectifiers (India) Limited""","""TRIL"""
"""Triveni Turbine Limited""","""TRITURBINE"""
"""Triveni Engineering & Industries Limited""","""TRIVENI"""
"""TTK Healthcare Limited""","""TTKHLTCARE"""
"""TTK Prestige Limited""","""TTKPRESTIG"""
"""T T Limited""","""TTL"""
"""Tata Teleservices (Maharashtra) Limited""","""TTML"""
"""Tube Investments of India Limited""","""TUBEINVEST"""
"""Tulsi Extrusions Limited""","""TULSI"""
"""TV18 Broadcast Limited""","""TV18BRDCST"""
"""TVS Electronics Limited""","""TVSELECT"""
"""TVS Motor Company Limited""","""TVSMOTOR"""
"""TVS Srichakra Limited""","""TVSSRICHAK"""
"""TV Today Network Limited""","""TVTODAY"""
"""TV Vision Limited""","""TVVISION"""
"""Titagarh Wagons Limited""","""TWL"""
"""United Breweries (Holdings) Limited""","""UBHOLDINGS"""
"""United Breweries (Holdings) Limited""","""UBHOLDINGS"""
"""United Breweries Limited""","""UBL"""
"""Ucal Fuel Systems Limited""","""UCALFUEL"""
"""UCO Bank""","""UCOBANK"""
"""UFLEX Limited""","""UFLEX"""
"""UFO Moviez India Limited""","""UFO"""
"""The Ugar Sugar Works Limited""","""UGARSUGAR"""
"""Ujaas Energy Limited""","""UJAAS"""
"""Ujjivan Financial Services Limited""","""UJJIVAN"""
"""Ujjivan Financial Services Limited""","""UJJIVAN"""
"""UltraTech Cement Limited""","""ULTRACEMCO"""
"""Umang Dairies Limited""","""UMANGDAIRY"""
"""Usha Martin Education & Solutions Limited""","""UMESLTD"""
"""Unichem Laboratories Limited""","""UNICHEMLAB"""
"""Uniphos Enterprises Limited""","""UNIENTER"""
"""Union Bank of India""","""UNIONBANK"""
"""Uniply Industries Limited""","""UNIPLY"""
"""Unitech Limited""","""UNITECH"""
"""United Bank of India""","""UNITEDBNK"""
"""The United Nilgiri Tea Estates Company Limited""","""UNITEDTEA"""
"""Unity Infraprojects Limited""","""UNITY"""
"""Universal Cables Limited""","""UNIVCABLES"""
"""UPL Limited""","""UPL"""
"""Urja Global Limited""","""URJA"""
"""Usha Martin Limited""","""USHAMART"""
"""Usher Agro Limited""","""USHERAGRO"""
"""Uttam Galva Steels Limited""","""UTTAMSTL"""
"""Uttam Sugar Mills Limited""","""UTTAMSUGAR"""
"""Uttam Value Steels Limited""","""UVSL"""
"""V2 Retail Limited""","""V2RETAIL"""
"""Vadilal Industries Limited""","""VADILALIND"""
"""Vaibhav Global Limited""","""VAIBHAVGBL"""
"""Vakrangee Limited""","""VAKRANGEE"""
"""Value Industries Limited""","""VALUEIND"""
"""Vardhman Acrylics Limited""","""VARDHACRLC"""
"""Vardhman Polytex Limited""","""VARDMNPOLY"""
"""Vascon Engineers Limited""","""VASCONEQ"""
"""Vaswani Industries Limited""","""VASWANI"""
"""Varun Beverages Limited""","""VBL"""
"""Vedanta Limited""","""VEDL"""
"""Venky's (India) Limited""","""VENKEYS"""
"""Venus Remedies Limited""","""VENUSREM"""
"""Vesuvius India Limited""","""VESUVIUS"""
"""Veto Switchgears And Cables Limited""","""VETO"""
"""V-Guard Industries Limited""","""VGUARD"""
"""Vardhman Holdings Limited""","""VHL"""
"""Viceroy Hotels Limited""","""VICEROY"""
"""Videocon Industries Limited""","""VIDEOIND"""
"""Vidhi Specialty Food Ingredients Limited""","""VIDHIING"""
"""Vijaya Bank""","""VIJAYABANK"""
"""Vijay Shanthi Builders Limited""","""VIJSHAN"""
"""Vikas EcoTech Limited""","""VIKASECO"""
"""Vimal Oil & Foods Limited""","""VIMALOIL"""
"""Vimta Labs Limited""","""VIMTALABS"""
"""Vinati Organics Limited""","""VINATIORGA"""
"""Vindhya Telelinks Limited""","""VINDHYATEL"""
"""Vinyl Chemicals (India) Limited""","""VINYLINDIA"""
"""VIP Clothing Limited""","""VIPCLOTHNG"""
"""VIP Industries Limited""","""VIPIND"""
"""Vipul Limited""","""VIPULLTD"""
"""Visaka Industries Limited""","""VISAKAIND"""
"""Visa Steel Limited""","""VISASTEEL"""
"""Visa Steel Limited""","""VISASTEEL"""
"""Visesh Infotecnics Limited""","""VISESHINFO"""
"""Vishnu Chemicals Limited""","""VISHNU"""
"""Visagar Polytex Limited""","""VIVIDHA"""
"""Vivimed Labs Limited""","""VIVIMEDLAB"""
"""VLS Finance Limited""","""VLSFINANCE"""
"""V-Mart Retail Limited""","""VMART"""
"""Voltamp Transformers Limited""","""VOLTAMP"""
"""Voltamp Transformers Limited""","""VOLTAMP"""
"""Voltas Limited""","""VOLTAS"""
"""VRL Logistics Limited""","""VRLLOG"""
"""Vardhman Special Steels Limited""","""VSSL"""
"""VST Industries Limited""","""VSTIND"""
"""V.S.T Tillers Tractors Limited""","""VSTTILLERS"""
"""Vardhman Textiles Limited""","""VTL"""
"""VA Tech Wabag Limited""","""WABAG"""
"""WABCO India Limited""","""WABCOINDIA"""
"""Walchandnagar Industries Limited""","""WALCHANNAG"""
"""Wanbury Limited""","""WANBURY"""
"""Websol Energy System Limited""","""WEBELSOLAR"""
"""Weizmann Forex Limited""","""WEIZFOREX"""
"""Weizmann Limited""","""WEIZMANIND"""
"""Welspun Corp Limited""","""WELCORP"""
"""Welspun Enterprises Limited""","""WELENT"""
"""Welspun Investments and Commercials Limited""","""WELINV"""
"""Welspun India Limited""","""WELSPUNIND"""
"""Wendt (India) Limited""","""WENDT"""
"""Wheels India Limited""","""WHEELS"""
"""Whirlpool of India Limited""","""WHIRLPOOL"""
"""Williamson Magor & Company Limited""","""WILLAMAGOR"""
"""Windsor Machines Limited""","""WINDMACHIN"""
"""Winsome Yarns Limited""","""WINSOME"""
"""The Western India Plywoods Limited""","""WIPL"""
"""Wipro Limited""","""WIPRO"""
"""Wockhardt Limited""","""WOCKPHARMA"""
"""Wonderla Holidays Limited""","""WONDERLA"""
"""W S Industries (I) Limited""","""WSI"""
"""West Coast Paper Mills Limited""","""WSTCSTPAPR"""
"""Xchanging Solutions Limited""","""XCHANGING"""
"""XL Energy Limited""","""XLENERGY"""
"""Xpro India Limited""","""XPROINDIA"""
"""Yes Bank Limited""","""YESBANK"""
"""Zandu Realty Limited""","""ZANDUREALT"""
"""Zee Entertainment Enterprises Limited""","""ZEEL"""
"""Zee Learn Limited""","""ZEELEARN"""
"""Zee Media Corporation Limited""","""ZEEMEDIA"""
"""Zenith Birla (India) Limited""","""ZENITHBIR"""
"""Zenith Exports Limited""","""ZENITHEXPO"""
"""Zensar Technologies Limited""","""ZENSARTECH"""
"""Zen Technologies Limited""","""ZENTEC"""
"""Zicom Electronic Security Systems Limited""","""ZICOM"""
"""Zodiac Clothing Company Limited""","""ZODIACLOTH"""
"""Zodiac JRD- MKJ Limited""","""ZODJRDMKJ"""
"""Zuari Agro Chemicals Limited""","""ZUARI"""
"""Zuari Global Limited""","""ZUARIGLOB"""
"""Zydus Wellness Limited""","""ZYDUSWELL"""
"""Zylog Systems Limited""","""ZYLOG"""
